CB839,DK9483,2/23/2016,2/29/2016
CB839,RM9438,2/7/2016,2/8/2016
CC566,DK9483,3/1/2016,3/4/2016
CC566,RM9438,2/9/2016,2/12/2016
DM839,DK9483,2/20/2016,2/22/2016
GM002,GB4599,12/23/2015,1/22/2016
GS930,GB4599,2/3/2016,2/5/2016
HT001,CN0001,3/2/2016,3/3/2016
HT002,DK9483,3/5/2016,3/6/2016
HT002,SS0001,2/7/2016,2/8/2016
JG001,BN0001,3/1/2016,3/8/2016
KP827,DP8483,2/14/2016,2/16/2016
MN001,HY0001,2/1/2016,2/29/2016
MN001,LR0001,2/1/2016,2/29/2016
MS001,MA2343,2/6/2016,2/12/2016
PM001,PE0001,1/7/2016,3/7/2016
SK877,PE0001,3/7/2016,3/7/2016
TA938,SS2343,2/1/2016,2/3/2016
VB554,CN0001,3/4/2016,3/11/2016
WC001,HY0001,3/1/2016,3/8/2016
